atrDist,atrPeriod,periodHilo,periodMe1,periodMe2,periodSignal,stopLoss,dd_perc,sharpe,pnl_total,sqn,profit_factor,trades,win_ratio
3,63,32,12,26,9,0,27.849860404935928,0.7886783400706565,285139.7503176069,1.8214548349663822,2.027582593993864,90,0.4222222222222222
